control_id,phase,record_key,observed_value
COH-05,avant,1096228,2026-10-09 Musk
COH-05,avant,1154730,2026-10-21 La Gradiva
COH-05,avant,1195803,2026-10-21 Wicker
COH-05,avant,1244523,2026-10-01 Beware Boiúna
COH-05,avant,1248832,2026-09-30 Digger
COH-05,avant,1281331,2026-10-07 The Social Reckoning
COH-05,avant,1283515,2026-09-30 Verity
COH-05,avant,1288069,2026-10-09 Tenzing : à la conquête de l’Everest
COH-05,avant,1378262,"2026-10-01 Lobang Buaya, 309 Hari Sebelum Tragedi Berdarah"
COH-05,avant,1388805,2026-09-30 Linkin Park Unshatter
COH-05,après,1096228,2026-10-09 Musk
COH-05,après,1154730,2026-10-21 La Gradiva
COH-05,après,1195803,2026-10-21 Wicker
COH-05,après,1244523,2026-10-01 Beware Boiúna
COH-05,après,1248832,2026-09-30 Digger
COH-05,après,1281331,2026-10-07 The Social Reckoning
COH-05,après,1283515,2026-09-30 Verity
COH-05,après,1288069,2026-10-09 Tenzing : à la conquête de l’Everest
COH-05,après,1378262,"2026-10-01 Lobang Buaya, 309 Hari Sebelum Tragedi Berdarah"
COH-05,après,1388805,2026-09-30 Linkin Park Unshatter
COH-07,avant,1081003,140 / 108 min Supergirl
COH-07,avant,377670,127 / 86 min Chapo: El Escape Del Siglo
COH-07,après,1081003,140 / 108 min Supergirl
COH-07,après,377670,127 / 86 min Chapo: El Escape Del Siglo
COH-08,avant,1483,1991 / 1989 Begotten
COH-08,avant,414419,2011 / 2004 Kill Bill : The Whole Bloody Affair
COH-08,après,1483,1991 / 1989 Begotten
COH-08,après,414419,2011 / 2004 Kill Bill : The Whole Bloody Affair
COM-01,avant,1156869,性迷宮
COM-01,avant,1525963,채무자의 아내
COM-01,avant,1580190,除暴之路
COM-01,avant,1592410,Socorro! Minha Babá Tirou Férias!
COM-01,avant,1599191,仙逆剧场版：弑仙之战
COM-01,avant,1618200,தீ டார்க் ஹெவன்
COM-01,avant,1650896,小猪佩奇完美假期
COM-01,avant,1678102,死亡禁区实录
COM-01,avant,1751940,Revelação
COM-01,avant,1758599,Cuerda Manual
COM-01,après,1156869,性迷宮
COM-01,après,1525963,채무자의 아내
COM-01,après,1580190,除暴之路
COM-01,après,1592410,Socorro! Minha Babá Tirou Férias!
COM-01,après,1599191,仙逆剧场版：弑仙之战
COM-01,après,1618200,தீ டார்க் ஹெவன்
COM-01,après,1650896,小猪佩奇完美假期
COM-01,après,1678102,死亡禁区实录
COM-01,après,1751940,Revelação
COM-01,après,1758599,Cuerda Manual
COM-02,avant,1766192,Insidious Rewind (Released)
COM-02,après,1766192,Insidious Rewind (Released)
COM-03,avant,1153576,Street Fighter
COM-03,avant,1156869,性迷宮
COM-03,avant,1234139,ஜெயிலர் 2
COM-03,avant,1336166,Rolling Loud: The Movie
COM-03,avant,1433568,粽邪4：坤蒂拉娜
COM-03,avant,1462861,Spider Island
COM-03,avant,1476746,The Florist
COM-03,avant,1497463,Todo lo que nunca fuimos
COM-03,avant,1525963,채무자의 아내
COM-03,avant,1561726,Masterplan
COM-03,après,1156869,性迷宮
COM-03,après,1234139,ஜெயிலர் 2
COM-03,après,1525963,채무자의 아내
COM-03,après,1561726,Masterplan
COM-03,après,1592410,Socorro! Minha Babá Tirou Férias!
COM-03,après,1599191,仙逆剧场版：弑仙之战
COM-03,après,1628675,Край чудес
COM-03,après,1634905,Vampire Carnival
COM-03,après,1640396,Prem Keetanu
COM-03,après,1650896,小猪佩奇完美假期
COM-04,avant,1036081,ഖലീഫ: The Ruler
COM-04,avant,1049082,Jumbo
COM-04,avant,1096228,Musk
COM-04,avant,1126097,Charlie Harper
COM-04,avant,1156869,性迷宮
COM-04,avant,1180894,Bajo tus pies
COM-04,avant,1181678,¿Quieres ser mi hijo?
COM-04,avant,1234139,ஜெயிலர் 2
COM-04,avant,1244523,Beware Boiúna
COM-04,avant,1257942,魔方小姐
COM-04,après,1036081,ഖലീഫ: The Ruler
COM-04,après,1049082,Jumbo
COM-04,après,1096228,Musk
COM-04,après,1126097,Charlie Harper
COM-04,après,1156869,性迷宮
COM-04,après,1180894,Bajo tus pies
COM-04,après,1181678,¿Quieres ser mi hijo?
COM-04,après,1234139,ஜெயிலர் 2
COM-04,après,1244523,Beware Boiúna
COM-04,après,1257942,魔方小姐
COM-05,avant,1003596,budget=NULL revenue=NULL
COM-05,avant,1007757,budget=NULL revenue=NULL
COM-05,avant,1010581,budget=NULL revenue=NULL
COM-05,avant,1032863,budget=NULL revenue=NULL
COM-05,avant,1036081,budget=NULL revenue=NULL
COM-05,avant,1049082,budget=NULL revenue=NULL
COM-05,avant,1074074,budget=NULL revenue=NULL
COM-05,avant,1096228,budget=NULL revenue=NULL
COM-05,avant,110420,budget=NULL revenue=55262158
COM-05,avant,1107216,budget=NULL revenue=13786871
COM-05,après,1003596,budget=NULL revenue=NULL
COM-05,après,1007757,budget=NULL revenue=NULL
COM-05,après,1010581,budget=NULL revenue=NULL
COM-05,après,1032863,budget=NULL revenue=NULL
COM-05,après,1036081,budget=NULL revenue=NULL
COM-05,après,1049082,budget=NULL revenue=NULL
COM-05,après,1074074,budget=NULL revenue=NULL
COM-05,après,1096228,budget=NULL revenue=NULL
COM-05,après,110420,budget=NULL revenue=55262158
COM-05,après,1107216,budget=NULL revenue=13786871
COM-06,avant,1156869,性迷宮
COM-06,avant,1525963,채무자의 아내
COM-06,avant,1769556,MORFISME
COM-06,après,1156869,性迷宮
COM-06,après,1525963,채무자의 아내
COM-06,après,1769556,MORFISME
COM-07,avant,1650896,小猪佩奇完美假期
COM-07,avant,399106,Piper
COM-07,après,1650896,小猪佩奇完美假期
COM-07,après,399106,Piper
COM-08,avant,1525963,채무자의 아내
COM-08,avant,895954,莫尼卡中心
COM-08,après,1525963,채무자의 아내
COM-08,après,895954,莫尼卡中心
COM-09,avant,1001015,Gustavo Sisi
COM-09,avant,1001659,Todd Brown
COM-09,avant,100258,Ramiro Alonso
COM-09,avant,1002643,Ryan Berg
COM-09,avant,1002644,Eric Berg
COM-09,avant,10033,Thomas Garvin
COM-09,avant,10034,Jack Gajos
COM-09,avant,10035,Paulo Carlos De Brito
COM-09,avant,10037,Lillian Birnbaum
COM-09,avant,10039,Jaques Morelenbaum
COM-09,après,1001015,Gustavo Sisi
COM-09,après,1001659,Todd Brown
COM-09,après,100258,Ramiro Alonso
COM-09,après,1002643,Ryan Berg
COM-09,après,1002644,Eric Berg
COM-09,après,10033,Thomas Garvin
COM-09,après,10034,Jack Gajos
COM-09,après,10035,Paulo Carlos De Brito
COM-09,après,10037,Lillian Birnbaum
COM-09,après,10039,Jaques Morelenbaum
COM-10,avant,101293,Peak Distribution Partners
COM-10,avant,104792,27 Ten Productions
COM-10,avant,109806,We Made a Thing Studios
COM-10,avant,115337,Unveil Studios
COM-10,avant,121671,Shifting Gears Productions
COM-10,avant,122651,Films Boutique Production
COM-10,avant,123073,Love is in the air
COM-10,avant,12619,Sangeori Pictures
COM-10,avant,127029,Esparza Caldera
COM-10,avant,127030,La Victoria Films
COM-10,après,101293,Peak Distribution Partners
COM-10,après,104792,27 Ten Productions
COM-10,après,109806,We Made a Thing Studios
COM-10,après,115337,Unveil Studios
COM-10,après,121671,Shifting Gears Productions
COM-10,après,122651,Films Boutique Production
COM-10,après,123073,Love is in the air
COM-10,après,12619,Sangeori Pictures
COM-10,après,127029,Esparza Caldera
COM-10,après,127030,La Victoria Films
COM-11,avant,1003596,tt21357150 Avengers : Doomsday
COM-11,avant,1148365,tt28498219 Matchbox – Le film
COM-11,avant,1153576,tt27419420 Street Fighter
COM-11,avant,1234139,tt33318732 ஜெயிலர் 2
COM-11,avant,1236045,tt31049299 Animals
COM-11,avant,1248832,tt31450459 Digger
COM-11,avant,1269325,tt27050858 दृश्यम्: द कन्क्लूजन
COM-11,avant,1281331,tt37510326 The Social Reckoning
COM-11,avant,1283515,tt32261958 Verity
COM-11,avant,1294189,tt13611778 The Mongoose
COM-11,après,1003596,tt21357150 Avengers : Doomsday
COM-11,après,1148365,tt28498219 Matchbox – Le film
COM-11,après,1153576,tt27419420 Street Fighter
COM-11,après,1234139,tt33318732 ஜெயிலர் 2
COM-11,après,1236045,tt31049299 Animals
COM-11,après,1248832,tt31450459 Digger
COM-11,après,1269325,tt27050858 दृश्यम्: द कन्क्लूजन
COM-11,après,1281331,tt37510326 The Social Reckoning
COM-11,après,1283515,tt32261958 Verity
COM-11,après,1294189,tt13611778 The Mongoose
INT-06,avant,310043,PT
INT-06,après,310043,PT
UNI-06,avant,production_companies:115416/179999,Skydance Animation
UNI-06,avant,production_companies:1645/221347,Scott Free Productions
UNI-06,avant,production_companies:19079/181068,Sky
UNI-06,avant,production_companies:2910/5084,Altavista Films
UNI-06,avant,production_companies:41/267168,Orion Pictures
UNI-06,avant,production_companies:6125/158526,Walt Disney Animation Studios
UNI-06,avant,production_companies:6181/307045,SF Studios
UNI-06,avant,production_companies:7570/17024,Videocine
UNI-06,après,production_companies:115416/179999,Skydance Animation
UNI-06,après,production_companies:1645/221347,Scott Free Productions
UNI-06,après,production_companies:19079/181068,Sky
UNI-06,après,production_companies:2910/5084,Altavista Films
UNI-06,après,production_companies:41/267168,Orion Pictures
UNI-06,après,production_companies:6125/158526,Walt Disney Animation Studios
UNI-06,après,production_companies:6181/307045,SF Studios
UNI-06,après,production_companies:7570/17024,Videocine
