control_id,action,table_name,column_name,rows_corrected
COH-01,substitution,movies,vote_average,74
COH-03,correction,movies,rating_gap,26
COH-09,suppression,movie_cast,,7
COH-09,suppression,movie_crew,,3
COH-09,suppression,movie_genres,,1
COH-09,suppression,movie_spoken_languages,,1
COM-03,imputation,movies,runtime,8
INT-03,suppression,collections,,1
INT-04,suppression,people,,3
UNI-05,suppression,movie_crew,,1
VAL-10,substitution,movies,budget,1
VAL-10,substitution,movies,revenue,1
VAL-13,substitution,people,gender,27589
VAL-16,correction,languages,name,11
VAL-16,correction,movie_cast,character,736
VAL-16,correction,people,original_name,1
VAL-16,correction,production_companies,origin_country,127
