genre,films_mart,films_curated,note_tmdb_mart,note_tmdb_curated,effet_note_tmdb,ecart_mart,ecart_curated
Documentaire,11,11,2.078,7.620,5.542,-3.757,0.053
Téléfilm,3,3,4.967,7.450,2.483,1.400,1.400
Musique,21,21,6.158,8.082,1.924,-0.150,0.334
Horreur,74,74,5.392,6.541,1.149,0.045,0.470
Comédie,147,147,6.193,7.169,0.976,0.123,0.393
Mystère,39,39,6.357,7.292,0.935,0.007,0.353
Thriller,139,138,6.321,7.138,0.817,0.418,0.647
Crime,79,79,6.742,7.501,0.759,0.184,0.384
Drame,277,277,7.005,7.731,0.726,0.053,0.282
Guerre,26,26,7.433,8.053,0.620,-0.185,0.107
Action,147,147,6.871,7.482,0.611,0.598,0.598
Romance,79,79,7.008,7.584,0.576,0.257,0.652
Fantastique,96,96,7.103,7.661,0.558,0.232,0.387
Histoire,28,28,7.178,7.730,0.552,-0.175,0.122
Familial,76,76,7.078,7.577,0.499,0.489,0.489
Animation,108,108,7.377,7.811,0.434,0.353,0.420
Aventure,128,128,7.193,7.609,0.416,0.300,0.355
Science-Fiction,86,86,7.106,7.363,0.257,0.265,0.266
Western,3,3,8.330,8.330,0.000,-0.270,-0.270
