control_id,dimension,table_name,column_name,rule,severity,threshold,treatment,justification
COH-01,cohérence,movies,"vote_average, vote_count",Pas de note TMDB sans vote,majeure,0.0000,substitution,TMDB affiche 0 quand personne n'a voté : ce n'est pas une note. Elle tire vers le bas les moyennes par genre et crée un écart TMDB − IMDb artificiel. Remplacée par NULL.
COH-02,cohérence,movies,has_imdb_match,Indicateur de rapprochement conforme aux données IMDb présentes,critique,0.0000,correction,"Colonne dérivée : vraie si et seulement si une note IMDb est présente, et jamais sans identifiant IMDb. Recalculée."
COH-03,cohérence,movies,rating_gap,Écart de notation = note TMDB − note IMDb,majeure,0.0000,correction,"Colonne dérivée, cœur du rapprochement métier : elle doit suivre exactement les deux notes stockées. Recalculée."
COH-04,cohérence,movies,votes_ratio,Rapport des votes = votes TMDB / votes IMDb,mineure,0.0000,correction,Colonne dérivée : recalculée à partir des deux compteurs stockés.
COH-05,cohérence,movies,"status, release_date",Un film « Released » a une date de sortie passée,majeure,0.0000,conservation,"La date TMDB est la sortie principale, le statut peut refléter une sortie antérieure dans un autre pays. Sans savoir laquelle des deux valeurs est fausse, on signale sans corriger."
COH-06,cohérence,movies,"status, revenue",Pas de recettes pour un film non sorti,mineure,0.0000,conservation,"Recettes d'une sortie partielle (festival, avant-première) ou statut en retard : signalé, les deux valeurs pouvant être justes."
COH-07,cohérence,movies,"runtime, imdb_runtime_minutes",Durées TMDB et IMDb proches (écart de 30 minutes au plus),mineure,0.0500,conservation,"Deux montages (version cinéma, version longue) justifient un écart. Signalé pour revue ; TMDB reste la référence."
COH-08,cohérence,movies,"release_date, imdb_start_year",Années de sortie TMDB et IMDb proches (1 an d'écart au plus),mineure,0.0500,conservation,"Festival puis sortie en salle l'année suivante : un écart d'un an est normal. Au-delà, signalé pour revue ; TMDB reste la référence."
COH-09,cohérence,liaisons,,Les liaisons d'un film reflètent son dernier état connu,majeure,0.0000,suppression,"Le chargement TP2 ajoute les liaisons sans jamais retirer celles qui ont disparu chez TMDB (genre reclassé, crédit supprimé). Comparées au dernier chargement (tables _stg_), les liaisons obsolètes sont supprimées."
COH-10,cohérence,movies,"source_fetched_at, loaded_at, ingest_date","Chronologie de traçabilité : collecte, puis agrégation, puis chargement",mineure,0.0000,conservation,"Une ligne chargée avant d'avoir été collectée signalerait une horloge fausse ou un mélange d'instantanés. Traçabilité : on signale, on ne réécrit pas l'histoire."
COM-01,complétude,movies,imdb_id,Identifiant IMDb renseigné,majeure,0.0500,conservation,"Clé du rapprochement avec IMDb. TMDB est la seule source qui la fournit : aucune valeur fiable à imputer. Le film reste exploitable côté TMDB, hors des comparaisons de notes."
COM-02,complétude,movies,release_date,Date de sortie renseignée,majeure,0.0500,conservation,Film annoncé sans date. L'année IMDb ne donne pas une date au jour près : l'imputer inventerait une information. Le film est exclu des analyses par année.
COM-03,complétude,movies,runtime,Durée renseignée,mineure,0.0500,imputation,"La durée IMDb (title.basics) mesure la même grandeur : imputation inter-sources quand elle existe et reste plausible. Sans elle, la durée reste inconnue."
COM-04,complétude,movies,overview,Synopsis renseigné,mineure,0.1000,conservation,Synopsis absent dans la langue demandée à TMDB (français). Texte libre : aucune substitution possible sans nouvel appel à l'API.
COM-05,complétude,movies,"budget, revenue",Budget et recettes connus,info,1.0000,conservation,Montants confidentiels pour une grande partie des films. Imputer une moyenne ou une médiane fausserait les totaux financiers : NULL est la représentation correcte de l'inconnu.
COM-06,complétude,movie_genres,,Tout film a au moins un genre,mineure,0.0200,conservation,Liste de genres vide chez TMDB (films récents ou confidentiels). Déduire un genre serait arbitraire.
COM-07,complétude,movie_cast,,Tout film a un casting,mineure,0.0500,conservation,"Générique pas encore publié pour les films annoncés. Donnée absente à la source, rien à reconstituer."
COM-08,complétude,movie_crew,job,Tout film a un réalisateur,mineure,0.0500,conservation,Le dashboard affiche le réalisateur de chaque film. Absent de l'équipe technique publiée par TMDB : rien à reconstituer.
COM-09,complétude,people,gender,Genre de la personne connu,info,1.0000,conservation,Non renseigné par la communauté TMDB pour une grande partie des techniciens. Donnée personnelle : aucune déduction (par le prénom par exemple) n'est acceptable.
COM-10,complétude,production_companies,origin_country,Pays d'origine de la société connu,info,1.0000,conservation,Non renseigné chez TMDB pour une partie des sociétés. Aucune source de substitution.
COM-11,complétude,movies,imdb_average_rating,Film doté d'un identifiant IMDb rapproché d'une note IMDb,majeure,0.0500,conservation,title.ratings ne contient que les titres ayant reçu des votes : les films pas encore sortis n'y figurent pas. Aucune note à imputer ; le rapprochement se fera de lui-même quand IMDb la publiera.
INT-01,intégrité,liaisons,clés étrangères,Toute liaison pointe vers un film et un élément existants,critique,0.0000,suppression,Garanti par les clés étrangères du mart : le contrôle le prouve. Une liaison orpheline serait supprimée.
INT-02,intégrité,movies,collection_id,Toute saga référencée existe,critique,0.0000,substitution,Garanti par la clé étrangère du mart. Une référence cassée serait remplacée par NULL (règle ON DELETE SET NULL du modèle).
INT-03,intégrité,"genres, collections, production_companies, countries, languages",,Tout élément de référentiel est relié à au moins un film,mineure,0.0000,suppression,"Cardinalité (1,N) du MCD : ces lignes n'existent que par un film. Orphelines après la disparition de leurs liaisons, elles gonflent les référentiels du dashboard. Supprimées."
INT-04,intégrité,people,,Toute personne a au moins un crédit,mineure,0.0000,suppression,"Une personne n'entre dans le modèle que par un crédit de casting ou d'équipe. Sans crédit, elle est orpheline : supprimée."
INT-05,intégrité,movies,original_language,Langue originale présente dans le référentiel des langues,info,1.0000,conservation,"Choix du TP1 : pas de clé étrangère, le référentiel n'étant alimenté que par les langues parlées. Suivi de l'écart, sans correction."
INT-06,intégrité,production_companies,origin_country,Pays d'origine des sociétés présent dans le référentiel des pays,info,1.0000,conservation,"Choix du TP1 : pas de clé étrangère, le référentiel n'étant alimenté que par les pays de production. Suivi de l'écart, sans correction."
UNI-01,unicité,movies,id,Identifiant TMDB unique,critique,0.0000,suppression,Garanti par la clé primaire : le contrôle prouve que la contrainte tient. Un doublon serait supprimé en gardant la collecte la plus récente.
UNI-02,unicité,movies,imdb_id,Un identifiant IMDb ne désigne qu'un film TMDB,critique,0.0000,correction,"Sinon la même note IMDb serait comptée deux fois. Le rapprochement est conservé pour le film le plus voté, retiré aux autres."
UNI-03,unicité,movies,"original_title, release_date",Pas deux fiches pour un même film (titre original et année identiques),majeure,0.0000,conservation,"Doublon fonctionnel possible, mais les remakes et homonymes existent : sans identifiant IMDb commun, la fusion relève d'une revue manuelle."
UNI-04,unicité,movie_cast,"movie_id, person_id, character",Un rôle n'est crédité qu'une fois,mineure,0.0000,suppression,"Même personne, même film, même personnage sous deux credit_id : le rôle serait compté deux fois. On garde le crédit le mieux placé au générique."
UNI-05,unicité,movie_crew,"movie_id, person_id, job",Un poste n'est crédité qu'une fois,mineure,0.0000,suppression,"Même personne, même film, même poste sous deux credit_id. On garde un seul crédit."
UNI-06,unicité,"genres, collections, production_companies",name,Pas deux entrées de référentiel de même nom,info,1.0000,conservation,"Des sociétés homonymes distinctes existent (filiales, pays différents) : TMDB reste la référence des identifiants, les homonymes sont seulement suivis."
VAL-01,validité,movies,imdb_id,Identifiant IMDb au format tt + 7 chiffres ou plus,majeure,0.0000,substitution,Un identifiant mal formé ne peut rien rapprocher et masquerait l'absence réelle : remplacé par NULL.
VAL-02,validité,movies,vote_average,Note TMDB comprise entre 0 et 10,critique,0.0000,substitution,"Hors de l'échelle de notation, la valeur est fausse par construction : remplacée par NULL."
VAL-03,validité,movies,imdb_average_rating,Note IMDb comprise entre 1 et 10,critique,0.0000,substitution,"L'échelle IMDb va de 1 à 10 : hors de cette plage, la valeur est fausse et remplacée par NULL."
VAL-04,validité,movies,"vote_count, imdb_num_votes",Nombres de votes positifs ou nuls,critique,0.0000,substitution,Un compteur négatif est impossible : remplacé par NULL.
VAL-05,validité,movies,runtime,Durée plausible (1 à 600 minutes),majeure,0.0000,substitution,Au-delà de 10 heures il s'agit d'une erreur de saisie ou d'une œuvre hors du périmètre long métrage : la durée est remplacée par NULL plutôt que de fausser les moyennes.
VAL-06,validité,movies,release_date,Date de sortie plausible (1888 à aujourd'hui + 5 ans),majeure,0.0000,substitution,"Avant le premier film connu (1888) ou trop loin dans le futur, la date est une valeur par défaut ou une erreur : remplacée par NULL."
VAL-07,validité,movies,status,Statut dans le domaine TMDB,majeure,0.0000,substitution,"Six valeurs documentées (Rumored, Planned, In Production, Post Production, Released, Canceled). Toute autre valeur est remplacée par NULL."
VAL-08,validité,"movies, languages, movie_spoken_languages",codes langue,Codes langue au format ISO 639-1 (2 lettres minuscules),mineure,0.0000,substitution,Un code mal formé ne correspond à aucune langue : remplacé par NULL (ou la ligne de liaison supprimée).
VAL-09,validité,"countries, movie_production_countries, production_companies",codes pays,Codes pays au format ISO 3166-1 alpha-2 (2 lettres majuscules),majeure,0.0000,substitution,Le dictionnaire du TP1 prévoit NULL pour un pays inconnu ; un code vide ou mal formé fausse le comptage des pays renseignés. Remplacé par NULL.
VAL-10,validité,movies,"budget, revenue",Montants plausibles (au moins 1 000 USD),majeure,0.0000,substitution,Un budget de quelques dollars est une saisie en millions ou une valeur symbolique. Le multiplier serait une supposition : la valeur est remplacée par NULL (inconnue).
VAL-11,validité,movies,homepage,Site officiel au format URL http(s),mineure,0.0000,substitution,Une adresse qui n'est pas une URL n'est pas cliquable dans le dashboard : remplacée par NULL.
VAL-12,validité,"movies, collections, production_companies, people",chemins d'image,Chemins d'image au format TMDB (/<nom>.<jpg|png|svg>),mineure,0.0000,substitution,"Préfixé par l'URL du CDN TMDB, un chemin mal formé donne une image cassée : remplacé par NULL."
VAL-13,validité,people,gender,"Genre dans le domaine 1, 2, 3 (0 est une valeur sentinelle)",mineure,0.0000,substitution,"TMDB code « non renseigné » par 0 : une fausse catégorie qui compte dans les répartitions. Remplacé par NULL, comme les 0 « inconnu » du budget et de la durée au TP2."
VAL-14,validité,"movies, people, movie_cast","popularity, cast_order",Popularité et rang au générique positifs ou nuls,mineure,0.0000,substitution,Valeurs négatives impossibles par définition : remplacées par NULL.
VAL-15,validité,"movie_crew, people","department, known_for_department",Département dans la liste TMDB,mineure,0.0000,substitution,Les départements forment une liste fermée chez TMDB (/configuration/jobs). Une valeur hors liste est remplacée par NULL.
VAL-16,validité,(toutes),(colonnes texte),Texte sans chaîne vide ni espace parasite,mineure,0.0000,correction,"Une chaîne vide n'est pas une valeur : elle masque l'absence (complétude surestimée) et casse les comparaisons. Espaces retirés, chaînes vides remplacées par NULL, sur toutes les colonnes texte lues dans le catalogue."
